<?xml version="1.0" encoding="UTF-8"?>
<!DOCTYPE struts PUBLIC
    "-//Apache Software Foundation//DTD Struts Configuration 2.5//EN"
    "http://struts.apache.org/dtds/struts-2.5.dtd">
<struts>
    <!-- 开发模式（修改配置无需重启） -->
    <constant name="struts.devMode" value="true" />
    <!-- 允许无后缀访问 -->
    <constant name="struts.action.extension" value="action," />
      <constant name="struts.action.excludePattern" value="/addCategory,/addMovie,/addNews" />
    <!-- 包配置 -->
    <package name="default" extends="struts-default">

        <!-- 登录功能配置 -->
        <action name="login" class="com.example.actions.LoginAction">
            <result name="success">/main.jsp</result>
            <result name="error">/login.jsp</result>
        </action>

    </package>

</struts>

